admin1Name_fr,admin1Pcode,admin1RefName,admin1AltName1_fr,admin1AltName2_fr,admin0Name_fr,admin0Pcode,date,validOn,validTo
Bamako,ML09,,,,Mali (le),ML,2013-05-31,2019-08-02,
Gao,ML07,,,,Mali (le),ML,2013-05-31,2019-08-02,
Kayes,ML01,,,,Mali (le),ML,2013-05-31,2019-08-02,
Kidal,ML08,,,,Mali (le),ML,2013-05-31,2019-08-02,
Koulikoro,ML02,,,,Mali (le),ML,2013-05-31,2019-08-02,
Mopti,ML05,,,,Mali (le),ML,2013-05-31,2019-08-02,
Ségou,ML04,Segou,,,Mali (le),ML,2013-05-31,2019-08-02,
Sikasso,ML03,,,,Mali (le),ML,2013-05-31,2019-08-02,
Tombouctou,ML06,,,,Mali (le),ML,2013-05-31,2019-08-02,
